{"cameraMode":{"drawMode":0,"name":"Shaded","section":"Shading Mode"},"sceneLighting":true,"audioPlay":false,"sceneViewState":{"showFog":false,"showMaterialUpdate":false,"showSkybox":true,"showFlares":false,"showImageEffects":false,"showParticleSystems":false},"in2DMode":false,"pivot":{"x":-8.830081939697266,"y":7.5438385009765629,"z":26.202722549438478},"rotation":{"x":-0.3737831711769104,"y":0.07281745225191117,"z":-0.029384497553110124,"w":-0.9242346882820129},"size":134.39340209960938,"orthographic":false}