{"cameraMode":{"drawMode":0,"name":"Shaded","section":"Shading Mode"},"sceneLighting":false,"audioPlay":false,"sceneViewState":{"showFog":false,"showMaterialUpdate":false,"showSkybox":false,"showFlares":false,"showImageEffects":false,"showParticleSystems":false},"in2DMode":false,"pivot":{"x":3.7624707221984865,"y":4.154921531677246,"z":1.6470012664794922},"rotation":{"x":-0.057354655116796496,"y":-0.3705875873565674,"z":0.022935738787055017,"w":-0.9267468452453613},"size":2.000518560409546,"orthographic":false}