{"cameraMode":{"drawMode":0,"name":"Shaded","section":"Shading Mode"},"sceneLighting":false,"audioPlay":false,"sceneViewState":{"showFog":false,"showMaterialUpdate":false,"showSkybox":false,"showFlares":false,"showImageEffects":false,"showParticleSystems":false},"in2DMode":false,"pivot":{"x":1.3229460716247559,"y":0.8505611419677734,"z":-0.22187042236328126},"rotation":{"x":-0.23797114193439485,"y":0.15136659145355225,"z":-0.03756656497716904,"w":-0.958676278591156},"size":22.0,"orthographic":false}