{"cameraMode":{"drawMode":0,"name":"Shaded","section":"Shading Mode"},"sceneLighting":false,"audioPlay":false,"sceneViewState":{"showFog":false,"showMaterialUpdate":false,"showSkybox":false,"showFlares":false,"showImageEffects":false,"showParticleSystems":false},"in2DMode":false,"pivot":{"x":-3.5,"y":0.6100000143051148,"z":-3.809999942779541},"rotation":{"x":-0.15982137620449067,"y":-0.060079608112573627,"z":0.009751293808221817,"w":-0.9852737784385681},"size":2.8578836917877199,"orthographic":false}